{
  "providers": {
    "awscloudformation": {
      "AuthRoleName": "amplify-startercopy-dev-94245-authRole",
      "UnauthRoleArn": "arn:aws:iam::047826062145:role/amplify-startercopy-dev-94245-unauthRole",
      "AuthRoleArn": "arn:aws:iam::047826062145:role/amplify-startercopy-dev-94245-authRole",
      "Region": "eu-central-1",
      "DeploymentBucketName": "amplify-startercopy-dev-94245-deployment",
      "UnauthRoleName": "amplify-startercopy-dev-94245-unauthRole",
      "StackName": "amplify-startercopy-dev-94245",
      "StackId": "arn:aws:cloudformation:eu-central-1:047826062145:stack/amplify-startercopy-dev-94245/091fa5b0-297a-11eb-8276-06e06db8b27a",
      "AmplifyAppId": "d2f4pstp6p0ekt"
    }
  },
  "api": {
    "startercopy": {
      "service": "AppSync",
      "providerPlugin": "awscloudformation",
      "output": {
        "authConfig": {
          "defaultAuthentication": {
            "authenticationType": "API_KEY",
            "apiKeyConfig": {
              "apiKeyExpirationDays": 365,
              "description": ""
            }
          },
          "additionalAuthenticationProviders": []
        },
        "GraphQLAPIIdOutput": "iv5pbygpj5bsldw72aaa2yhzlu",
        "GraphQLAPIEndpointOutput": "https://m3fuakmklnfvtocb6io3bqih5m.appsync-api.eu-central-1.amazonaws.com/graphql",
        "GraphQLAPIKeyOutput": "da2-dhqr7kg4nrcmpejpfqrgqu7i3i"
      },
      "providerMetadata": {
        "s3TemplateURL": "https://s3.amazonaws.com/amplify-startercopy-dev-94245-deployment/amplify-cfn-templates/api/cloudformation-template.json",
        "logicalId": "apistartercopy"
      },
      "lastPushTimeStamp": "2020-11-18T08:47:49.741Z",
      "lastPushDirHash": "b5aMd594sZ6PrwPE59OPQijkS1I="
    }
  }
}