{
    "UserAgent": "aws-amplify-cli/2.0",
    "Version": "1.0",
    "api": {
        "plugins": {
            "awsAPIPlugin": {
                "startercopy": {
                    "endpointType": "GraphQL",
                    "endpoint": "https://m3fuakmklnfvtocb6io3bqih5m.appsync-api.eu-central-1.amazonaws.com/graphql",
                    "region": "eu-central-1",
                    "authorizationType": "API_KEY",
                    "apiKey": "da2-dhqr7kg4nrcmpejpfqrgqu7i3i"
                }
            }
        }
    }
}