{
  "dev": {
    "awscloudformation": {
      "AuthRoleName": "amplify-startercopy-dev-94245-authRole",
      "UnauthRoleArn": "arn:aws:iam::047826062145:role/amplify-startercopy-dev-94245-unauthRole",
      "AuthRoleArn": "arn:aws:iam::047826062145:role/amplify-startercopy-dev-94245-authRole",
      "Region": "eu-central-1",
      "DeploymentBucketName": "amplify-startercopy-dev-94245-deployment",
      "UnauthRoleName": "amplify-startercopy-dev-94245-unauthRole",
      "StackName": "amplify-startercopy-dev-94245",
      "StackId": "arn:aws:cloudformation:eu-central-1:047826062145:stack/amplify-startercopy-dev-94245/091fa5b0-297a-11eb-8276-06e06db8b27a",
      "AmplifyAppId": "d2f4pstp6p0ekt"
    }
  }
}